2023-04-11 13:04:29 +0200;Svelte-WP-display-improving-readme-and-license;6d1ee96
2023-04-11 12:57:09 +0200;Svelte-WP-display-improving-readme-and-license;b0cd1e4
2023-04-11 11:24:44 +0200;Svelte-WP-display-improving-readme-and-license;8eedfc4
2023-04-11 11:21:17 +0200;Svelte-WP-display-improving-readme-and-license;f10e58b
2023-04-11 10:55:02 +0200;Svelte-WP-display-improving-readme-and-license;93ad2bf
2023-04-11 10:37:50 +0200;Svelte-WP-display-fixing-test-after-version-bump-improving-readme-and-starting-snapshoot-of-common-user-paths;532260b
2023-04-11 06:15:51 +0200;Svelte-WP-display-fixing-stuff-for-production-build;907cb03
2023-04-11 05:25:49 +0200;Svelte-WP-display-bumping-version-updating-readme;799662a
2023-04-11 05:16:46 +0200;Svelte-WP-display-cleaning-TODO-updating-license;47dd811
2023-04-11 04:12:03 +0200;Svelte-WP-display-fixing-functional-tests-OK;fabb8f9
2023-04-11 04:00:16 +0200;Svelte-WP-display-fixing-404-infinit-loader-to-ensure-functional-tests;0937fcb
2023-04-11 03:33:39 +0200;Merge-branch-Svelte-WP-display-of-github.com-mickael-moreau-monwoo-web-starters-into-Svelte-WP-display;1f16158
2023-04-11 03:33:27 +0200;Svelte-WP-display-improving-functional-tests-to-try-thoses-in-dev-or-MAMP-env;cb23df5
2023-04-11 03:27:10 +0200;Svelte-WP-display-improving-functional-tests-to-try-thoses-in-dev-or-MAMP-env;63e69cf
2023-04-10 22:11:08 +0200;Svelte-WP-display-did-configure-playwright-functional-tests-to-use-MAMP-https-server-with-.htaccess-instead-of-node-server-OK;979b31b
2023-04-10 13:24:00 +0200;Svelte-WP-display-improving-service-worker-test-but-not-reflecting-REAL-PRE-RENDERING-behavior-since-using-node-server-for-functionnal-tests.-switch-to-php-bultin-server-or-have-a-way-to-make-node-HTML-preview-instead-of-JS-SSR-Preview;d1b917a
2023-04-10 13:09:57 +0200;Svelte-WP-display-improving-service-worker-test;91f92d1
2023-04-10 01:49:07 +0200;Svelte-WP-display-service-worker-tests-in-progress;4e7118c
2023-04-09 20:54:42 +0200;Svelte-WP-display-updating-LICENSE-terms-with-allowed-usages-and-public-repo-to-check-opended-files-ready-for-OPEN-SOURCE-vs-Confidential-ones;b5cc979
2023-04-09 19:48:10 +0200;Svelte-WP-display-adding-some-functional-test-for-service-worker-to-check-buggy-infinit-mws-app-loader-on-updated-apps-without-version-changes-that-seem-ok-at-functional-level;bb9d985
2023-04-09 19:32:50 +0200;Svelte-WP-display-adding-some-functional-test-for-service-worker-to-check-buggy-infinit-mws-app-loader-on-updated-apps-without-version-changes;4e33b5c
2023-04-07 15:37:14 +0200;Svelte-WP-display-fixing-functional-tests;1a85022
2023-04-07 15:23:16 +0200;Svelte-WP-display-fixing-UI-and-service-worker-Caching-404;4e93a04
2023-04-07 12:59:06 +0200;Svelte-WP-display-fixing-end-to-end-testins;091ca89
2023-04-07 12:42:54 +0200;Svelte-WP-display-improving-tests-coverage;03d544c
2023-04-07 12:17:13 +0200;Svelte-WP-display-fixing-functional-tests;2f2a5ee
2023-04-07 12:08:46 +0200;Svelte-WP-display-fixing-functional-tests;d7eae7e
2023-04-07 08:57:57 +0200;Svelte-WP-display-improving-functional-tests;976d146
2023-04-06 20:55:23 +0200;Svelte-WP-display-i18n-routing-testings-OK;c15a97e
2023-04-06 20:44:18 +0200;Svelte-WP-display-fixed-langSwitch-bug-redirecting-to-first-loaded-page-instead-of-the-current-navigated-one;9cee2f8
2023-04-06 14:31:44 +0200;Svelte-WP-display-improving-functional-testings-adding-watch-mode;68af18d
2023-04-06 14:25:08 +0200;Svelte-WP-display-improving-functional-testings-refelting-bug-humanly-found-on-langswitch-is-now-false-until-solve-is-found-but-non-regression-is-OK-at-functional-level;434d4c2
2023-04-05 12:47:10 +0200;Svelte-WP-display-improving-functional-testings;04a48c7
2023-04-05 12:43:19 +0200;Svelte-WP-display-improving-functional-testings;06903c7
2023-04-05 11:38:27 +0200;Svelte-WP-display-improving-tests-coverage;7efd256
2023-04-05 11:36:08 +0200;Svelte-WP-display-improving-tests-coverage;1c835ae
2023-04-03 11:07:43 +0200;Svelte-WP-display-fixing-unit-tests;204c837
2023-04-03 10:54:35 +0200;Svelte-WP-display-improving-dataset;5fb2724
2023-04-03 09:39:34 +0200;Svelte-WP-display-improving-dataset-and-designs;6b6a932
2023-04-02 22:28:13 +0200;Svelte-WP-display-improving-tests;a307b00
2023-04-02 19:35:08 +0200;Svelte-WP-display-products-stubs-data-updates;b631816
2023-04-02 19:23:59 +0200;Svelte-WP-display-debugs-after-updates-done-for-test-coverage;8fee15d
2023-04-02 15:33:07 +0200;Svelte-WP-display-improving-tests-coverage-100-unit-test-coverage-of-FRONT-Pages-views-OK;a676f7f
2023-04-02 15:28:49 +0200;Svelte-WP-display-improving-tests-coverage-100-unit-test-coverage-of-FRONT-Pages-views-OK;309ef79
2023-04-02 11:06:05 +0200;Svelte-WP-display-improving-tests-coverage;9cb436a
2023-04-02 00:19:50 +0200;Svelte-WP-display-improving-tests-coverage;1953a95
2023-04-01 19:48:40 +0200;Svelte-WP-display-improving-tests-coverage;0d67430
2023-04-01 19:26:35 +0200;Svelte-WP-display-improving-tests-coverage;ecbec69
2023-04-01 18:12:59 +0200;Svelte-WP-display-improving-tests-coverage;b53f222
2023-04-01 17:49:51 +0200;Svelte-WP-display-improving-tests-coverage;b52e462
2023-04-01 16:29:04 +0200;Svelte-WP-display-improving-tests-coverage-succed-SMUI-callback-call-with-resp.rerender;349a91b
2023-03-30 12:17:37 +0200;Svelte-WP-display-improving-tests-coverage;6153124
2023-03-29 21:45:51 +0200;Svelte-WP-display-improving-tests-coverage;f07dceb
2023-03-29 19:59:13 +0200;Svelte-WP-display-improving-tests-coverage;0f96121
2023-03-29 19:54:31 +0200;Svelte-WP-display-improving-tests-coverage;fd52cf9
2023-03-29 18:07:00 +0200;Svelte-WP-display-improving-tests-coverage;ff7e845
2023-03-29 17:53:04 +0200;Svelte-WP-display-improving-tests-coverage;c874289
2023-03-29 02:00:21 +0200;Svelte-WP-display-improving-tests-coverage;0c93a73
2023-03-28 13:32:56 +0200;Svelte-WP-display-improving-tests-coverage;a9469b2
2023-03-28 02:49:56 +0200;Svelte-WP-display-improving-tests-coverage;2557161
2023-03-27 23:49:25 +0200;Svelte-WP-display-improving-tests-coverage;bda0337
2023-03-27 16:00:32 +0200;Svelte-WP-display-fixing-asset-path-issue-Browser-side-of-SSR-BUILD-need-to-wait-for-asset-path-to-be-setup;f4ef583
2023-03-27 15:58:01 +0200;Svelte-WP-display-fixing-asset-path-issue-Browser-side-of-SSR-BUILD-need-to-wait-for-asset-path-to-be-setup;4169ce3
2023-03-27 15:11:32 +0200;Svelte-WP-display-improving-tests-coverage;df2cff7
2023-03-27 15:01:35 +0200;Svelte-WP-display-improving-tests-coverage-fixing-tests;6f70e11
2023-03-27 14:38:02 +0200;Svelte-WP-display-improving-tests-coverage-will-wait-for-github-maintenance-to-finish-to-push;2a14105
2023-03-27 14:24:46 +0200;Svelte-WP-display-improving-tests-coverage-fixing-buggy-font-not-covering-all-css-var-changes.-was-defaulting-up-to-root-html-element-instead-of-been-overwritten-by-theme-class;959fff0
2023-03-27 01:48:03 +0200;Svelte-WP-display-improving-tests-coverage;da5c485
2023-03-27 01:36:59 +0200;Svelte-WP-display-improving-tests-coverage-UI-with-same-i18n-translation-coverage-by-mock-OK;d4a27ea
2023-03-26 22:19:15 +0200;Svelte-WP-display-improving-tests-coverage;52ef876
2023-03-26 21:51:15 +0200;Svelte-WP-display-fixing-stuff-for-pre-rendering-preview-build;66aaf73
2023-03-26 21:14:28 +0200;Svelte-WP-display-improving-tests-coverage-ui-coverage-with-prettyDOM-OK;b1a0419
2023-03-26 21:09:53 +0200;Svelte-WP-display-improving-tests-coverage-ui-coverage-with-prettyDOM-OK;4036614
2023-03-26 13:06:47 +0200;Svelte-WP-display-improving-tests-coverage-i18n-100-coverage-OK;550e6d9
2023-03-26 03:25:06 +0200;Svelte-WP-display-improving-tests-coverage;1aa0920
2023-03-25 23:47:08 +0100;Svelte-WP-display-improving-tests-coverage-100-route-pages-OK-100-storage-ok-100-service-wp-display-OK;8943aad
2023-03-25 21:54:43 +0100;Svelte-WP-display-improving-tests-coverage;133419b
2023-03-25 18:56:45 +0100;Svelte-WP-display-improving-tests-coverage;c576acf
2023-03-25 16:22:12 +0100;Svelte-WP-display-improving-tests-coverage;64db7f5
2023-03-25 15:02:04 +0100;Svelte-WP-display-improving-tests-coverage;518a8ba
2023-03-25 13:24:42 +0100;Svelte-WP-display-improving-tests-coverage;d038bcb
2023-03-24 14:14:48 +0100;Svelte-WP-display-improving-tests-coverage;a7442bd
2023-03-24 13:47:35 +0100;Svelte-WP-display-improving-tests-coverage-unit-test-system;d2dce9c
2023-03-24 13:07:18 +0100;Svelte-WP-display-improving-tests-coverage-unit-test-system;931ff79
2023-03-24 12:25:40 +0100;Svelte-WP-display-improving-tests-coverage-unit-test-system;8556cb8
2023-03-24 11:19:05 +0100;Svelte-WP-display-improving-tests-coverage-unit-test-system;61490fd
2023-03-24 01:24:27 +0100;Svelte-WP-display-improving-tests-coverage;1458bed
2023-03-23 23:11:44 +0100;Svelte-WP-display-improving-tests-coverage-and-logger-configs;577a567
2023-03-23 19:53:44 +0100;Svelte-WP-display-improving-tests-coverage;d155c69
2023-03-23 19:43:49 +0100;Svelte-WP-display-improving-logger-tests-coverage;07ee139
2023-03-23 12:41:19 +0100;Svelte-WP-display-bug-fix-items-counts-for-circleDeep-add-unit-test-to-avoid-reproduction;bd35b29
2023-03-23 09:50:55 +0100;Svelte-WP-display-improving-tests-coverage;024e0a1
2023-03-22 19:11:07 +0100;Svelte-WP-display-improving-tests-coverage;9e957ad
2023-03-22 01:13:16 +0100;Svelte-WP-display-improving-tests-coverage;5c56c74
2023-03-22 00:42:13 +0100;Svelte-WP-display-improving-tests-coverage-playing-with-module-constants-mocking-in-the-middle-of-tests-is-easyer-by-adding-utilites-to-the-target-test-file;34a8001
2023-03-21 21:54:24 +0100;Svelte-WP-display-improving-tests-coverage-msw-in-progress;99f53e8
2023-03-21 16:55:07 +0100;Svelte-WP-display-improving-tests-coverage-adding-some-msw-mocks;9e32461
2023-03-21 11:34:34 +0100;Svelte-WP-display-improving-tests-coverage;8db7093
2023-03-21 10:40:06 +0100;Svelte-WP-display-improving-tests-coverage;20f32d3
2023-03-20 20:48:49 +0100;Svelte-WP-display-improving-tests-coverage;abf7076
2023-03-20 20:40:36 +0100;Svelte-WP-display-improving-tests-coverage-CarousselWithGasp-100-coverage-OK-garbage-collection-review-OK;f63dab7
2023-03-20 20:18:15 +0100;Svelte-WP-display-improving-tests-coverage;55e984e
2023-03-20 13:54:10 +0100;Svelte-WP-display-improving-tests-coverage;04125b2
2023-03-20 13:49:24 +0100;Svelte-WP-display-fixing-last-test-and-cleanings-for-SSR-prerenderings-to-work-again;d13bcad
2023-03-20 01:56:47 +0100;Svelte-WP-display-improving-tests-for-CarousselWithGsap-in-progress-Did-narrow-all-animation-stack-to-flushable-timelines;218014d
2023-03-20 01:49:47 +0100;Svelte-WP-display-improving-tests-for-CarousselWithGsap-in-progress-Did-narrow-all-animation-stack-to-flushable-timelines;cb1480f
2023-03-19 18:37:49 +0100;Svelte-WP-display-improving-tests-for-CarousselWithGsap-in-progress;d00243e
2023-03-19 18:19:00 +0100;Svelte-WP-display-improving-tests-coverage;316982c
2023-03-19 17:29:36 +0100;Svelte-WP-display-improving-test-coverage-logger-100-coverage-with-still-some-TODO-to-remove-on-last-cleaning-round;0b46ce0
2023-03-19 14:31:00 +0100;Svelte-WP-display-improving-test-coverage-logger-Promise-constructor-mock-in-progress;6b0a9e8
2023-03-19 13:46:02 +0100;Svelte-WP-display-improving-tests-coverage;b693b0b
2023-03-19 12:18:35 +0100;Svelte-WP-display-improving-tests-coverage-gc.ts-OK;5c9a823
2023-03-18 23:53:58 +0100;Svelte-WP-display-improving-test-coverage-adding-colors-to-logger;027907c
2023-03-18 21:14:08 +0100;Svelte-WP-display-making-all-routes-page-test-at-100-coverage-OK;6515e16
2023-03-18 20:56:34 +0100;Svelte-WP-display-improving-test-coverage;dc5a001
2023-03-18 18:26:12 +0100;Svelte-WP-display-improving-test-coverage;8cdbfc9
2023-03-18 17:42:34 +0100;Svelte-WP-display-cleaning-in-progress;325969f
2023-03-18 17:37:55 +0100;Svelte-WP-display-making-VisualIdentity-page-test-at-100-coverage-OK;0aa3a90
2023-03-18 16:05:08 +0100;Svelte-WP-display-making-VisualIdentity-test-workagain-did-expose-colors-props-for-test-purpose;572e652
2023-03-18 14:59:10 +0100;Svelte-WP-display-adding-garbage-collector-dev-test-view-OK-rainbow-colors-track-previousely-unmounted-components;de34a10
2023-03-18 05:54:47 +0100;Svelte-WP-display-adding-garbage-collector-dev-test-view-in-progress;61344dd
2023-03-18 03:35:59 +0100;Svelte-WP-display-adding-garbage-collectory-system-and-full-test-coverage-for-it;bb38b14
2023-03-18 03:31:31 +0100;Svelte-WP-display-adding-garbage-collectory-system-and-full-test-coverage-for-it;6241813
2023-03-18 03:05:02 +0100;Svelte-WP-display-adding-garbage-collectory-system-and-full-test-coverage-for-it;0015651
2023-03-18 03:00:34 +0100;Svelte-WP-display-adding-garbage-collectory-system-and-full-test-coverage-for-it;660f0b0
2023-03-17 15:24:25 +0100;Svelte-WP-display-improving-request-subs-color-system-testings;3c24d3a
2023-03-16 22:52:44 +0100;Svelte-WP-display-dev-timeline-in-progress;53f1e2e
2023-03-15 23:34:14 +0100;Svelte-WP-display-improving-unit-tests-to-gain-coverage;3c94570
2023-03-15 18:22:28 +0100;Svelte-WP-display-improving-unit-tests-to-gain-coverage;ac9742a
2023-03-15 17:32:57 +0100;Svelte-WP-display-improving-unit-tests-to-gain-coverage;24c830f
2023-03-15 15:14:53 +0100;Svelte-WP-display-improving-unit-tests-to-gain-coverage;a399b11
2023-03-15 14:21:33 +0100;Svelte-WP-display-improving-unit-tests-to-handle-Svelte-page-components-smoothly;2edf6db
2023-03-15 11:39:02 +0100;Svelte-WP-display-improving-tests-in-progress;cc55491
2023-03-14 23:13:08 +0100;Svelte-WP-display-improving-tests-in-progress;1977c05
2023-03-14 21:45:38 +0100;Svelte-WP-display-stub-services-OK;3c0d9b8
2023-03-14 21:18:40 +0100;Svelte-WP-display-stub-services-OK;c217730
2023-03-14 21:05:37 +0100;Svelte-WP-display-stub-services-data-save-AND-load-as-failback-OK;cf3b842
2023-03-14 20:41:17 +0100;Svelte-WP-display-stub-services-data-save-AND-load-as-failback-OK;faa63c6
2023-03-14 18:29:03 +0100;Svelte-WP-display-stub-services-data-load-ok;924221d
2023-03-14 16:02:01 +0100;Svelte-WP-display-fixes-to-start-building-the-release-build;caea3b0
2023-03-14 15:47:56 +0100;Svelte-WP-display-fixes-to-start-building-the-release-build;17813ff
2023-03-14 15:45:27 +0100;Svelte-WP-display-fixes-to-start-building-the-release-build;b5e2a34
2023-03-14 15:43:32 +0100;Svelte-WP-display-fixes-to-start-building-the-release-build;bf56f1d
2023-03-14 15:39:10 +0100;Svelte-WP-display-fixes-to-start-building-the-release-build;283224b
2023-03-14 15:29:47 +0100;Svelte-WP-display-fixes-to-start-building-the-release-build;0054bdc
2023-03-14 15:26:43 +0100;Svelte-WP-display-fixes-to-start-building-the-release-build;21f1b40
2023-03-14 15:23:00 +0100;Svelte-WP-display-first-full-clean-OK-will-start-test-coverage-checks;e75f451
2023-03-14 15:06:33 +0100;Svelte-WP-display-cleaning-in-progress-rename-css-var-to-fit-mws-prefix;74edda7
2023-03-14 14:35:38 +0100;Svelte-WP-display-cleaning-in-progress;eeed937
2023-03-14 13:08:10 +0100;Svelte-WP-display-cleaning-and-factorizing-SCSS-theme-usages;46684e8
2023-03-13 20:46:27 +0100;Svelte-WP-display-cleaning-in-progress;171aca4
2023-03-13 19:47:02 +0100;Svelte-WP-display-cleaning-in-progress-add-Caroussel-template-to-SSR-componentsPreload;00d99a2
2023-03-13 18:35:05 +0100;Svelte-WP-display-cleaning-in-progress;ad09617
2023-03-13 18:10:36 +0100;Svelte-WP-display-translations-and-cleaning-in-progress;6cca729
2023-03-13 16:39:17 +0100;Svelte-WP-display-translations-and-cleaning-in-progress;5e11e73
2023-03-13 15:37:25 +0100;Svelte-WP-display-improving-service-worker-cache-system-frontend-feedback;4783656
2023-03-13 14:23:56 +0100;Svelte-WP-display-improving-service-worker-cache-system;977f64a
2023-03-13 00:57:43 +0100;Svelte-WP-display-try-to-show-service-worker-base-files-loads-status-progress;2f89788
2023-03-12 20:10:11 +0100;Svelte-WP-display-fixing-stuff-for-offline-mode-details-added-to-site-footer;8f9c0b6
2023-03-12 11:23:59 +0100;Svelte-WP-display-fixing-stuff-for-offline-mode;f43fe1f
2023-03-12 03:38:51 +0100;Svelte-WP-display-fixing-stuff-for-offline-mode;9a53920
2023-03-12 03:28:07 +0100;Svelte-WP-display-fixing-stuff-for-offline-mode;e3e965c
2023-03-12 01:42:01 +0100;Svelte-WP-display-fixing-stuff-for-offline-mode;0d00068
2023-03-12 01:30:38 +0100;Svelte-WP-display-improving-service-worker-caching-system;4a9416d
2023-03-11 23:21:17 +0100;Svelte-WP-display-fixing-stuff-for-offline-mode;6995e33
2023-03-11 22:48:02 +0100;Svelte-WP-display-fixing-stuff-for-offline-mode-double-safe-match-and-backup;301fa27
2023-03-11 22:35:32 +0100;Svelte-WP-display-fixing-stuff-for-offline-mode;5328806
2023-03-11 20:58:49 +0100;Svelte-WP-display-fixing-stuff-for-offline-mode-detection;67bd208
2023-03-11 18:04:51 +0100;Svelte-WP-display-fixing-stuff-for-productions;2b77872
2023-03-11 17:54:22 +0100;Svelte-WP-display-fixing-fetch-page-HEADERS-for-logo-offline-detection;b5b78b8
2023-03-11 17:34:00 +0100;Svelte-WP-display-fixing-service-worker-cache-to-handle-redirects-for-urls-endings-with;bfcdfbe
2023-03-11 17:21:11 +0100;Svelte-WP-display-adding-offline-indicator;aac679d
2023-03-11 11:07:18 +0100;Svelte-WP-display-cleaning-process-in-progress-removing-inlineLangSwitch-feature;0608c0d
2023-03-11 10:47:24 +0100;Svelte-WP-display-cleaning-process-in-progress;7d9c876
2023-03-11 09:55:51 +0100;Svelte-WP-display-cleaning-process-in-progress;8384c60
2023-03-10 21:42:17 +0100;Svelte-WP-display-cleaning-process-in-progress-improving-page-load-animation;ad2838a
2023-03-10 20:10:31 +0100;REtD-20230130-SvelteWithWpApiStudyWithUILibs-improving-stuff-for-current-POC-in-production;7872978
2023-03-10 19:24:47 +0100;Svelte-WP-display-cleaning-process-in-progress;39906d2
2023-03-10 19:23:11 +0100;Svelte-WP-display-improving-.htaccess-removing-missing-page-when-missing-trailing-OK;d7102e2
2023-03-10 15:56:50 +0100;Svelte-WP-display-cleaning-process-in-progress;7bbd3f8
2023-03-10 15:27:38 +0100;Svelte-WP-display-cleaning-process-in-progress;ef98af2
2023-03-10 14:54:12 +0100;Svelte-WP-display-cleaning-process-in-progress;ace1783
2023-03-10 14:40:02 +0100;Svelte-WP-display-cleaning-process-in-progress-improving-translations;cb7242e
2023-03-10 14:37:17 +0100;Svelte-WP-display-cleaning-process-in-progress;d6cf5a1
2023-03-10 14:30:42 +0100;Svelte-WP-display-cleaning-process-in-progress;8c9c6c5
2023-03-10 13:58:36 +0100;Svelte-WP-display-cleaning-process-in-progress;060c9ce
2023-03-10 13:06:03 +0100;Svelte-WP-display-cleaning-process-in-progress;6e06ded
2023-03-10 12:58:05 +0100;Svelte-WP-display-improving-install-script-to-use-env.VITE_-env-var-template-injections;24ac025
2023-03-10 12:48:46 +0100;Svelte-WP-display-improving-install-script-to-use-env.VITE_-env-var-template-injections;db142ca
2023-03-10 10:21:22 +0100;Svelte-WP-display-improving-service-worker.ts-to-ignore-Query-string-when-shortenings-is-allowed-OK-for-full-static-website-only;0c1fcf2
2023-03-09 21:50:19 +0100;Svelte-WP-display-cleaning-service-worker.ts-and-improving-404;3c64930
2023-03-09 19:34:50 +0100;Svelte-WP-display-PWA-ready-with-auto-install-of-all-pre-rendered-pages-OK;ca4abc3
2023-03-09 19:10:17 +0100;Svelte-WP-display-PWA-ready-OK;d7dc003
2023-03-09 18:53:10 +0100;Svelte-WP-display-starting-PWA-transformation;722ea37
2023-03-09 16:04:13 +0100;Svelte-WP-display-improving-service-worker-to-handle-CORS-resquest-caching-for-allowed-external-domains;3b37d96
2023-03-08 20:46:35 +0100;Svelte-WP-display-improving-service-worker-to-keep-cache-for-one-day-only;5bb05bc
2023-03-08 17:07:50 +0100;Svelte-WP-display-improving-stuffs;05aa28d
2023-03-08 17:07:25 +0100;Svelte-WP-display-improving-stuffs;fc9e7b2
2023-03-07 06:39:46 +0100;Svelte-WP-display-bumping-version-before-clean-and-tests;c7d1157
2023-03-07 06:38:22 +0100;Svelte-WP-display-improvements-for-translations;bf67f18
2023-03-07 06:37:06 +0100;Svelte-WP-display-improvements-for-translations;fcdaa9a
2023-03-07 05:20:01 +0100;Svelte-WP-display-improving-translations;16b0a0f
2023-03-07 04:50:11 +0100;Svelte-WP-display-adding-CSV-full-logs-command-tips;df63704
2023-03-07 04:37:32 +0100;Svelte-core-adding-theme-contrast-feature;0980324
2023-03-07 03:30:32 +0100;Svelte-core-fixing-i18n-OK-still-some-translations-and-data-prod-to-do;2d009fd
2023-03-06 23:49:39 +0100;Svelte-core-fixing-i18n-redirects-for-no-prefixed-languages-404-root-urls;07e676f
2023-03-06 23:35:29 +0100;Svelte-core-fixing-i18n-redirects-for-no-prefixed-languages-404-root-urls;bb927d1
2023-03-06 23:20:34 +0100;Svelte-core-fixing-i18n-redirects-for-no-prefixed-languages-404-root-urls;2dfe30b
2023-03-06 12:03:46 +0100;Svelte-core-international-404-page-errors-for-Apache-HTML-server-have-500-error-on-lang-switch-try-to-solve-by-full-page-reload-on-lang-switch;42f703a
2023-03-06 11:46:11 +0100;Svelte-core-international-404-page-errors-for-Apache-HTML-server-OK;2129af4
2023-03-06 01:21:18 +0100;Svelte-core-improving-404-page-errors-for-Apache-HTML-server;96e27d0
2023-03-06 01:18:26 +0100;Svelte-core-cleaning-service-workers-caches-on-full-data-reset-request;1a77c83
2023-03-05 18:05:07 +0100;Svelte-WP-display-bumping-version.-Ready-to-start-cleaning-process-then-test-coverages-and-TODO-next-steps;46d2411
2023-03-05 16:49:26 +0100;Svelte-WP-display-improvements-for-service-worker-offline-error-handelings;a5c5632
2023-03-05 16:06:23 +0100;Svelte-WP-display-fixing-build-issue-for-url-logger-in-pre-rendering-avoid-to-log-object-that-will-try-to-get-url.searchParams;1670471
2023-03-05 15:25:07 +0100;Svelte-WP-display-fixing-build-issue-for-service-worker.ts-can-t-have-module-dependencies-for-SSR-pre-renderings;91daec6
2023-03-05 14:54:11 +0100;Svelte-WP-display-sync-generator-configs;09fccd4
2023-03-05 14:52:14 +0100;Svelte-WP-display-improve-and-re-inject-r-d-from-REtD-20230303-ParamMatcherOkButBuildFAIL-OK-adding-service-worker.ts-as-base-code-for-offline-usage-but-do-not-sell-it-for-that-since-cache-may-not-hold-values-if-space-needed;d68d10d
2023-03-05 11:56:16 +0100;Svelte-WP-display-checking-REtD-20230303-ParamMatcherOkButBuildFAIL-for-r-d-re-injections;d1e271f
2023-03-05 00:24:58 +0100;Svelte-WP-display-improving-designs;6fa0360
2023-03-04 22:57:56 +0100;Svelte-WP-display-improving-errors-display;51eeb76
2023-03-04 21:19:17 +0100;Svelte-WP-display-adding-404-page-in-progress;2f45a26
2023-03-04 18:25:16 +0100;Svelte-WP-display-improving-production-data;9dc890c
2023-03-04 15:50:32 +0100;Svelte-WP-display-Cannot-access-url.search-on-a-page-with-prerendering-enabled-was-GOST-BUG-did-diseapear-after-debug-roolback-improving-translations-static-build-OK;7dd3b73
2023-03-04 15:24:42 +0100;Svelte-WP-display-fail-to-build-pre-rendering-with-error-Cannot-access-url.search-on-a-page-with-prerendering-enabled;7a025e4
2023-03-04 14:57:08 +0100;Svelte-WP-display-adding-svelte-time-library-based-on-day.js-with-Language-changes-OK-improve-translations;de932f0
2023-03-04 01:12:28 +0100;Svelte-WP-display-fixing-pre-rendering-build;1f77c7d
2023-03-04 00:45:14 +0100;Svelte-WP-display-DID-solve-EMPTY-page-object-due-to-i18n-param-Matchers-mis-match-if-done-after-i18n-languages-init;8552946
2023-03-03 23:35:58 +0100;Svelte-WP-display-traking-issue-about-empty-page-comme-from-url-Matcher-HAVING-different-RESULT-from-server-side-to-client-side-due-to-i18n-loadings-stuff;8db1d6a
2023-03-03 14:52:42 +0100;Svelte-WP-display-re-inject-last-R-D-about-url-parameters-lang-switch-OK;486ce5f
2023-03-03 14:23:31 +0100;Svelte-WP-display-reverting-to-buildable-OK;8aa3ec5
2023-03-03 12:22:20 +0100;Svelte-WP-display-fixing-stuff-for-pre-rendering-build-STILL-FAIL-on-strange-Rollup-failed-to-resolve-import-environment;e1a09d6
2023-03-03 11:46:45 +0100;Svelte-WP-display-fixing-stuff-for-pre-rendering-build;86a8c8f
2023-03-03 11:45:37 +0100;Svelte-WP-display-fixing-stuff-for-pre-rendering-build;945caa8
2023-03-03 11:27:33 +0100;Svelte-WP-display-solving-lang-injection-for-route-parameters-OK-still-need-to-handle-client-side-page-data-issue-not-in-sync-with-displayed-page;beaa9cc
2023-03-03 09:53:50 +0100;Svelte-WP-display-try-to-add-VITE-transparent-proxy-but-having-infinit-redirect-LOOP-so-will-dig-in-some-Matchers-run-first-methode-to-init-languages;64a0fb0
2023-03-02 16:31:24 +0100;Svelte-WP-display-revert-i18n-try-will-need-step-by-step-checks;7cd5df6
2023-03-02 16:27:12 +0100;Svelte-WP-display-revert-i18n-try-will-need-step-by-step-checks;284e585
2023-03-02 16:21:39 +0100;Svelte-WP-display-trying-to-solve-dynamic-route-parameter-name-issue-will-revert;86943fb
2023-03-02 15:47:56 +0100;Svelte-WP-display-trying-to-solve-dynamic-route-parameter-name-issue-will-revert;b275992
2023-03-02 09:48:22 +0100;Svelte-WP-display-fixing-responsive-issue;6cd937e
2023-03-01 18:21:27 +0100;Svelte-WP-display-fixing-responsive-issue;6ea063d
2023-03-01 17:41:49 +0100;Svelte-WP-display-bumping-version;ff00ce2
2023-03-01 17:35:28 +0100;Svelte-WP-display-better-loading-screen-theme-switch;2657a0e
2023-03-01 16:55:21 +0100;Svelte-WP-display-fixing-SEO-Meta-for-pre-rendering-OK;c877cd9
2023-03-01 16:19:39 +0100;Svelte-WP-display-solving-lang-switch-half-issue-to-strong-static-html-redirects-succed-to-narrow-route-url-param-with-i18n-translation-system;167c18a
2023-03-01 15:17:40 +0100;Svelte-WP-display-language-harmonisation-keeping-strong-feature-ok-and-inlineLang-switch-as-a-half-dev-feature;6c836b4
2023-03-01 12:39:39 +0100;Svelte-WP-display-in-progress;c8b12f9
2023-03-01 12:38:15 +0100;Svelte-WP-display-in-progress;a61dcfc
2023-03-01 01:47:52 +0100;Svelte-WP-display-improving-stuffs;e7ac7e5
2023-03-01 01:08:54 +0100;Svelte-WP-display-improving-stuffs;b2f3685
2023-02-28 20:55:26 +0100;Svelte-WP-display-improving-stuffs;624d8d5
2023-02-28 20:47:54 +0100;Svelte-WP-display-sync-configs-and-starters-files;6d98875
2023-02-28 18:51:00 +0100;Svelte-WP-display-easy-solve-missing-data-update-on-langswitch-with-api-client-side-reload;d9991bb
2023-02-28 18:03:08 +0100;Svelte-WP-display-improving-designs;b10dc02
2023-02-28 15:13:16 +0100;Svelte-WP-display-fixing-stuffs;3885adf
2023-02-28 14:38:56 +0100;Svelte-WP-display-fixing-stuffs;46b1a86
2023-02-28 14:28:47 +0100;Svelte-WP-display-improvements-in-progress;bce3e3d
2023-02-28 14:16:33 +0100;Svelte-WP-display-fixing-data-load-order-to-keep-it-ssr-side;8355b56
2023-02-28 12:55:44 +0100;Svelte-WP-display-improving-responsiveness;05dc114
2023-02-28 12:32:59 +0100;Svelte-WP-display-improving-responsiveness;86560c9
2023-02-28 10:40:57 +0100;Svelte-WP-display-improving-3D-caroussel;8a6d863
2023-02-27 05:51:25 +0100;Svelte-WP-display-improving-api-translation-system-in-progress;0c3bf8e
2023-02-27 04:39:03 +0100;web-wp-plugin-studdy-for-polylang-injection-in-progress;e52b1cc
2023-02-27 03:14:27 +0100;Svelte-WP-display-improvements-in-progress-translations;e23922f
2023-02-27 03:11:56 +0100;Svelte-WP-display-improving-SEO-improving-designs-and-responsive;676edeb
2023-02-27 00:12:31 +0100;Svelte-WP-display-fail-to-get-transparent-screenshoot-did-do-with-codeception-screenshot-with-with-bg-then-did-use-GIMP-for-final-logo-alpha;d6e2f67
2023-02-27 00:03:13 +0100;Svelte-WP-display-trying-to-get-some-transparent-sreen-shoot-of-logo-still-with-background;e19a0c6
2023-02-26 22:23:20 +0100;Svelte-WP-display-fixing-design-for-printings;9ede912
2023-02-26 21:25:13 +0100;Svelte-WP-display-improving-ergonomy;036894f
2023-02-26 20:25:10 +0100;Svelte-WP-display-customise-design-align-menu-to-left-since-easier-to-open-for-right-handed-humans-on-phone;de0cd81
2023-02-26 20:00:50 +0100;Svelte-WP-display-adding-confirmation-dialog-for-local-storage-cleanup;165b3ee
2023-02-26 17:39:48 +0100;Svelte-WP-display-improving-design-meanings;0694fd3
2023-02-26 17:05:58 +0100;Svelte-WP-display-improving-design-add-local-storage-import-export-feature;88d4b44
2023-02-26 01:22:41 +0100;Svelte-WP-display-improving-design-and-ergo;183fad6
2023-02-25 21:52:43 +0100;Svelte-WP-display-fixing-buggy-db-reset-from-main-screen-saving-lots-of-red-values-for-all-props;7c4ff5d
2023-02-25 19:31:17 +0100;Svelte-WP-display-refactoring-mwsCssVars-in-progress;4c7d2a8
2023-02-25 18:19:00 +0100;Svelte-WP-display-improving-listeners-unsubscribe;9a2ea9b
2023-02-25 16:27:56 +0100;Svelte-WP-display-migrating-colors-system-to-wp-display;0365ae1
2023-02-25 14:28:03 +0100;Svelte-WP-display-improving-design;36e0ce8
2023-02-25 14:14:38 +0100;Svelte-WP-display-improving-design-adding-mantra-adding-front-selector-component;b5cbf68
2023-02-25 11:02:11 +0100;Svelte-WP-display-fixing-design;0529fcd
2023-02-25 10:36:38 +0100;Svelte-WP-display-fixing-design;2c05311
2023-02-25 10:24:23 +0100;Svelte-WP-display-fixing-responsive-design;a2ffb51
2023-02-25 09:50:11 +0100;Svelte-WP-display-auto-style-css-var-by-THEME-OK;f911343
2023-02-25 01:36:27 +0100;Svelte-WP-display-hsva_to_hsl-fully-functionnal-daysUI-css-var-sync-ok;4757e87
2023-02-24 22:52:08 +0100;Svelte-WP-display-styles-in-progress-will-need-to-switch-it-on-r-d-branch-and-then-clean-up-and-split-down-to-starters;f558db1
2023-02-24 21:15:50 +0100;Svelte-WP-display-overwrite-SMUI-to-force-css-var-design;adc51c2
2023-02-24 20:53:21 +0100;Svelte-WP-display-Sync-Env;402abfd
2023-02-24 20:49:00 +0100;Svelte-WP-display-Overwriting-power-to-force-css-var-where-it-s-not-default-behavior-for-SMUI-live-change-of-used-components;8902565
2023-02-24 19:12:56 +0100;Svelte-WP-display-Saving-mwsColors-in-indexDb-OK;4e883c9
2023-02-23 15:01:47 +0100;Svelte-WP-display-Sync-stuff;6c5ddfc
2023-02-23 14:04:06 +0100;Svelte-WP-display-visual-Identity-in-progress-allow-css-var-changes-for-SMUI;d8e0616
2023-02-23 13:10:21 +0100;Svelte-WP-display-visual-Identity-in-progress-will-have-stuff-to-merge-back-in-Svelte-core-starter;bbd8f91
2023-02-23 10:50:48 +0100;Svelte-WP-display-adding-Daisyui-theme-from-parts-of-SMUI-configs-on-localised-compoent;195b66f
2023-02-23 02:03:40 +0100;Svelte-WP-display-Integration-of-daisyUI-in-progress;a8cef51
2023-02-22 21:50:55 +0100;Svelte-WP-display-Reworking-components-for-Visual-Identity-flexibility;a5f412b
2023-02-22 12:32:15 +0100;Svelte-WP-display-Improving-Caroussel;aec6ad5
2023-02-22 12:17:34 +0100;Svelte-WP-display-3D-Caroussel-OK-with-some-limits-on-number-of-image-availables;830029a
2023-02-21 15:54:18 +0100;Svelte-WP-display-r-d-proof-for-basic-image-dislay-in-perspective-OK-all-other-codes-removed-for-now;c5123b2
2023-02-21 14:40:32 +0100;Svelte-WP-display-integration-of-gsap-3D-caroussel-FAILs-adding-specific-r-d-extension-to-try-to-solve-little-by-little-first-need-to-show-pictures-side-by-side;2a6074f
2023-02-21 04:36:54 +0100;Svelte-WP-display-integration-of-gsap-3D-caroussel-in-progress-data-load-ok-but-missing-some-transfome-stuff;c71145b
2023-02-21 04:08:05 +0100;Svelte-WP-display-integration-of-gsap-3D-caroussel-in-progress-data-load-and-types-error-fixed-but-buggy-display-all-images-sounds-stacked-one-on-each-others;528b76f
2023-02-21 02:22:02 +0100;Svelte-WP-display-integration-of-gsap-3D-caroussel-in-progress;928f299
2023-02-21 02:20:40 +0100;Svelte-WP-display-integration-of-3D-caroussel-in-progress-raw-integration-of-js-demo-code-ok-but-have-to-transform-from-jQuery-to-Svelte-and-use-more-typescript-ways;0e356c6
2023-02-21 00:03:03 +0100;Svelte-WP-display-loading-articles-in-progress;d1adcd4
2023-02-20 14:51:04 +0100;Svelte-WP-display-loading-articles-in-progress;93533b6
2023-02-20 07:51:41 +0100;Svelte-WP-display-improving-App-Top-Bar;a92c330
2023-02-20 07:40:03 +0100;Svelte-WP-display-improving-App-Logo;8df7a33
2023-02-20 07:38:43 +0100;Svelte-WP-display-improving-App-Logo;996fc52
2023-02-20 01:52:58 +0100;Svelte-WP-display-improving-design-and-removing-Demonstration-UI-to-focus-on-starter-mantra-promotionnal-blog-view;a270c0d
2023-02-19 14:19:42 +0100;Svelte-WP-display-improving-design;9c82ada
2023-02-19 04:01:43 +0100;Svelte-WP-display-improving-starter-lang-translation-links;7b975e2
2023-02-19 03:46:46 +0100;Svelte-WP-display-improving-starter;7a23739
2023-02-19 03:43:33 +0100;Svelte-WP-display-starter-config;3645652
2023-02-19 03:40:42 +0100;Merge-branch-Svelte-core-of-github.com-mickael-moreau-monwoo-web-starters-into-Svelte-WP-display;3746b40
2023-02-19 03:40:10 +0100;Svelte-core-improving-design;2fde283
2023-02-19 03:36:49 +0100;Svelte-WP-display-fixing-static-build-launch;ac999d0
2023-02-19 03:30:09 +0100;Svelte-WP-display-fixing-static-build-launch;5f42b5e
2023-02-19 03:27:33 +0100;Merge-branch-Svelte-core-of-github.com-mickael-moreau-monwoo-web-starters-into-Svelte-WP-display;d80324a
2023-02-19 03:25:36 +0100;Svelte-core-improving-design;4a62fdd
2023-02-19 03:21:28 +0100;Svelte-WP-display-fixing-static-build-launch;454adc2
2023-02-19 02:45:27 +0100;Merge-branch-Svelte-core-of-github.com-mickael-moreau-monwoo-web-starters-into-Svelte-WP-display;1242d8b
2023-02-19 02:44:29 +0100;Svelte-core-narowing-sitemap-inside-starter-since-knowing-routes-of-starter-only;22e78b6
2023-02-19 02:40:33 +0100;Merge-branch-Svelte-core-of-github.com-mickael-moreau-monwoo-web-starters-into-Svelte-WP-display;7e4fa32
2023-02-19 02:40:14 +0100;Svelte-core-shortening-mws-core-route-groupe;e6cc024
2023-02-19 02:33:45 +0100;Svelte-WP-display-merging-mws-configs-to-wp-display-and-adding-adaptations-for-i18n;b6bb732
2023-02-19 02:29:56 +0100;Merge-branch-Svelte-core-of-github.com-mickael-moreau-monwoo-web-starters-into-Svelte-WP-display;fe57bd8
2023-02-19 02:28:55 +0100;Svelte-core-improving-installer-files-sources;fe2b752
2023-02-19 02:09:46 +0100;Svelte-WP-display-merging-mws-configs-to-wp-display-and-adding-adaptations-for-i18n;1d2d930
2023-02-19 00:53:59 +0100;Merge-branch-Svelte-core-of-github.com-mickael-moreau-monwoo-web-starters-into-Svelte-WP-display;1ed05f1
2023-02-19 00:48:08 +0100;Svelte-core-fixing-issue-detected-by-functional-tests;f29a61c
2023-02-19 00:32:33 +0100;Merge-branch-Svelte-core-of-github.com-mickael-moreau-monwoo-web-starters-into-Svelte-WP-display;61f278c
2023-02-19 00:30:09 +0100;Svelte-core-bumping-version-since-all-tests-and-translations-are-working;d3f8e91
2023-02-19 00:28:46 +0100;Svelte-core-fixing-local-for-Funds-Link-to-force-language-of-targeted-translated-donation-route;88e1a84
2023-02-19 00:18:58 +0100;Svelte-core-TODO-in-test-for-static-page-rendering-in-playwrite-doable-inside-test-or-will-need-a-folder-with-playwright-projects-configuration-for-that;e29d63f
2023-02-19 00:12:29 +0100;Svelte-core-simplification-of-translation-of-html-lang-for-pre-rendering-OK;6bdba6c
2023-02-19 00:06:40 +0100;Svelte-core-translation-html-lang-pre-rendering-OK;ee1e71a
2023-02-19 00:06:01 +0100;Svelte-core-translation-html-lang-pre-rendering-OK;2535739
2023-02-18 21:57:35 +0100;Svelte-core-translation-and-pre-rendering-of-translated-route-mws-core-don-OK;1312031
2023-02-18 21:22:41 +0100;Svelte-core-adding-.vscode-configs-to-starter-source-configs;92de1e7
2023-02-18 21:13:59 +0100;Svelte-core-rename-starter-locales-source-configs-to-avoid-i18n-clash-lookup-for-those-files-start-translations-of-don-url;6561335
2023-02-18 20:20:26 +0100;Svelte-core-end-to-end-CODECEPTION-nicer-tool-ok-with-BASE_HREF-without-having-to-config;0f384c9
2023-02-18 20:12:12 +0100;Svelte-core-fixing-functionnal-tests-OK-will-check-e2e;f2632f9
2023-02-18 17:16:03 +0100;Svelte-core-fixing-tests-timeouts;43ebb40
2023-02-18 17:09:03 +0100;Svelte-core-fixing-functionnal-test-and-codes-for-i18n-routes-feature;75047e4
2023-02-18 16:35:52 +0100;Svelte-core-fixing-starter-GENERATOR;96938ac
2023-02-18 16:03:44 +0100;Svelte-core-fixing-header-language-fails-by-loading-language-at-first;8d01eb1
2023-02-18 15:43:58 +0100;Svelte-core-fixing-pre-compile-missing-routes-issue-by-provinding-an-html-sitemap.-Bonus-did-add-lib-for-generated-xml-sitemap;673f09f
2023-02-18 11:48:27 +0100;Svelte-core-adding-optionnal-lang-parameter;7f77455
2023-02-18 11:48:04 +0100;Svelte-core-adding-optionnal-lang-parameter;506ab38
2023-02-18 11:13:23 +0100;Svelte-WP-display-cleaning-in-progress;84b16ad
2023-02-18 01:19:59 +0100;Svelte-WP-display-cleaning-and-ways-to-build-for-production;67116fd
2023-02-17 23:48:14 +0100;Svelte-WP-display-cleaning-next-level-starter-organize-selected-UI-components;2850154
2023-02-17 23:15:08 +0100;Svelte-WP-display-merging-configs;858d293
2023-02-17 22:51:32 +0100;Merge-branch-Svelte-core-of-github.com-mickael-moreau-monwoo-web-starters-into-Svelte-WP-display;2fb7253
2023-02-17 22:50:54 +0100;Svelte-core-cleaning-files;d27090d
2023-02-17 22:26:29 +0100;Svelte-core-improving-tests-coverages-etc;ac60ed0
2023-02-17 17:09:13 +0100;Svelte-core-improving-tests-coverages-etc;1dba2a2
2023-02-17 14:45:12 +0100;Svelte-core-improving-similar-locales-handlings;866b1f2
2023-02-17 14:10:55 +0100;Svelte-WP-display-mergin-Svelte-core;f797b17
2023-02-17 14:09:10 +0100;Svelte-core-improving-readme;c44a91d
2023-02-17 14:03:58 +0100;Svelte-core-improving-coverage;a6ce8c2
2023-02-17 14:02:24 +0100;Svelte-core-improving-coverage;c50a517
2023-02-17 13:52:15 +0100;Svelte-WP-display-mergin-Svelte-core;30aaa12
2023-02-17 13:50:25 +0100;Svelte-WP-display-fixing-buggy-stuff;cb63d66
2023-02-17 13:48:15 +0100;Svelte-core-cleaning-code;d2d9d66
2023-02-17 13:43:54 +0100;Svelte-core-fixing-translations-issue-guard-BASE_HREF-for-dev-mode-r-d-for-SMUI-Select-not-updating-of-first-load-for-PROD-only;323e613
2023-02-17 00:27:17 +0100;Svelte-WP-display-auto-config-wp-display-in-progress;2ad3b4b
2023-02-16 23:43:36 +0100;Svelte-WP-display-auto-config-wp-display-from-current-configs-to-starter-src-configs;bc17b3c
2023-02-16 23:32:28 +0100;Svelte-WP-display-re-inject-wp-core;8f2364e
2023-02-16 23:13:29 +0100;Svelte-core-code-cleaning-in-progress;8a9ebbd
2023-02-16 23:10:06 +0100;Svelte-core-code-cleaning-in-progress;c4a0f8c
2023-02-16 22:59:32 +0100;Svelte-core-code-cleaning-in-progress;50f20ff
2023-02-16 22:58:49 +0100;Svelte-core-code-cleaning-in-progress;df24f6b
2023-02-16 22:58:30 +0100;Svelte-core-code-cleaning-in-progress;4308afb
2023-02-16 22:56:59 +0100;Svelte-core-code-cleaning-in-progress;e93c911
2023-02-16 22:47:16 +0100;Svelte-core-bumping-version-since-configs-orga-did-change;ae703c8
2023-02-16 22:41:59 +0100;Svelte-core-improving-configurations;606e83a
2023-02-16 22:32:32 +0100;Svelte-core-improving-install-script-to-handle-starters-COMMANDS-dependencies-with-terminal-STDIN-OK;19bc1d9
2023-02-16 21:15:19 +0100;Svelte-core-improving-install-script-to-handle-starters-COMMANDS-dependencies;b23b20b
2023-02-16 21:01:59 +0100;Svelte-core-improving-install-script-to-handle-starters-dependencies;48efb73
2023-02-16 20:50:33 +0100;Svelte-core-improving-install-script-to-handle-starters-dependencies;74fcfb1
2023-02-16 20:17:50 +0100;Svelte-core-budeling-configs-in-ONE-folder;f23e5e4
2023-02-16 17:49:10 +0100;Svelte-WP-display-cleaning-in-progress;46fbc76
2023-02-16 17:27:28 +0100;Svelte-WP-display-cleaning-in-progress;cb030bf
2023-02-16 15:11:42 +0100;Svelte-wp-display-cleaning-in-progress;672a150
2023-02-16 15:11:31 +0100;Svelte-wp-display-cleaning-in-progress;94d715f
2023-02-16 15:11:07 +0100;Svelte-wp-display-cleaning-in-progress;ec314d9
2023-02-16 15:10:37 +0100;Svelte-wp-display-cleaning-in-progress;43e8730
2023-02-16 15:07:10 +0100;Svelte-wp-display-cleaning-in-progress;1547496
2023-02-16 14:50:33 +0100;Svelte-wp-display-importing-REtD-20230130-SvelteWithWpApiStudyWithUILibs-as-POC-for-miguel.monwoo.com-and-mws-Svelte-core-0.0.6;e529c5f
2023-02-16 13:48:46 +0100;Svelte-core-cleaning-junk-files;9a38ff7
2023-02-16 13:47:45 +0100;Svelte-core-cleaning-junk-files;59fa24d
2023-02-16 13:05:51 +0100;Svelte-core-fixing-prod-packaging;e9a4954
2023-02-16 12:57:14 +0100;Svelte-core-fixing-tests-and-bumping-version;224aef6
2023-02-16 12:42:09 +0100;Svelte-core-cleaning-DONE;31279d0
2023-02-16 11:36:36 +0100;Svelte-core-cleaning-in-progress;0825b37
2023-02-16 11:33:17 +0100;Svelte-core-cleaning-in-progress;ef4c059
2023-02-16 10:10:02 +0100;Svelte-core-100-test-coverage-OK-next-step-is-cleaning;d0576f0
2023-02-16 00:12:37 +0100;Svelte-core-solving-static-injection-and-transforming-logger-code-to-some-Class-system;4b9e430
2023-02-15 19:33:56 +0100;Svelte-core-TODO-test-coverage-FAIL-with-static-injection-like-if-mock-is-avoiding-real-code-args-configs;b2d33ec
2023-02-15 11:17:49 +0100;Svelte-core-TODO-test-coverage-ok-for-single-file-but-failling-as-global-run-on-logger-LogLevel-.env-config-test;5bb6733
2023-02-15 10:12:11 +0100;Svelte-core-improving-test-coverage-after-cleaning-border-effects;fe460e4
2023-02-14 19:12:54 +0100;Svelte-core-cleaning-in-progress;1972032
2023-02-14 19:04:50 +0100;Svelte-core-cleaning-in-progress;030b1b1
2023-02-14 19:02:42 +0100;Svelte-core-cleaning-in-progress;f82cb5e
2023-02-14 17:35:03 +0100;Svelte-core-cleaning-in-progress;d098997
2023-02-14 14:55:03 +0100;Svelte-core-cleaning-in-progress;569cdde
2023-02-14 14:21:11 +0100;Svelte-core-fixing-build-warnings;5dec2db
2023-02-14 14:06:42 +0100;Svelte-core-fixing-tests;310c0e5
2023-02-14 14:03:28 +0100;Svelte-core-script-to-dump-current-config-to-starter-configs-file-OK;761acda
2023-02-14 13:56:44 +0100;Svelte-core-script-to-dump-current-config-to-starter-configs-file-OK;5b63a40
2023-02-14 13:43:32 +0100;Svelte-core-script-to-dump-current-config-to-starter-configs-file-OK;6402480
2023-02-14 13:40:51 +0100;Svelte-core-script-to-dump-current-config-to-starter-configs-file-OK;0ec76ba
2023-02-14 13:36:23 +0100;Svelte-core-script-to-dump-current-config-to-starter-configs-file-in-progress;cac8f42
2023-02-14 12:50:25 +0100;Svelte-core-script-to-dump-current-config-to-starter-configs-file-in-progress;0875adc
2023-02-14 12:37:30 +0100;Svelte-core-cleaning-code-in-progress-sync-CONFIG-Files-manually-will-add-script-for-that;aba3695
2023-02-14 11:34:11 +0100;Svelte-core-cleaning-code-in-progress;20648a4
2023-02-14 11:28:26 +0100;Svelte-core-improving-design-extracting-AppFundsLink-component;e75e44d
2023-02-13 23:30:53 +0100;Svelte-core-embeding-fonts-and-icons;0ed3c89
2023-02-13 20:22:31 +0100;Svelte-core-improving-translations;dea408a
2023-02-13 19:40:30 +0100;Merge-branch-Svelte-core-of-github.com-mickael-moreau-monwoo-web-starters-into-Svelte-core;ed9515a
2023-02-13 17:56:34 +0100;Svelte-core-improving-designs;0518222
2023-02-13 17:56:34 +0100;Svelte-core-improving-design-and-Affiliations;7aafe2d
2023-02-13 17:30:42 +0100;Svelte-core-adding-app-copyright;da3d5da
2023-02-13 16:53:13 +0100;Svelte-core-fixing-design-and-adding-SCSS-r-d-stuff;7d042e4
2023-02-13 15:34:34 +0100;Svelte-core-fixing-tests;4f8e7ec
2023-02-13 15:31:10 +0100;Svelte-core-fixing-tests;e17a469
2023-02-13 15:25:49 +0100;Svelte-core-fixing-styles-loading-and-theme-switch-process-orders;5541eba
2023-02-13 14:30:59 +0100;Svelte-core-fixing-styles-loading-and-translations;cf27662
2023-02-13 14:08:54 +0100;Svelte-core-fixing-styles-loading-orders;71821b0
2023-02-13 13:26:37 +0100;Svelte-core-fixing-styles-loading-orders;aecdd03
2023-02-13 04:25:16 +0100;Svelte-core-cleaning-r-d-and-todos-in-progress;0183f00
2023-02-13 04:17:52 +0100;Svelte-core-cleaning-r-d-and-todos-in-progress;17a4555
2023-02-13 04:03:14 +0100;Svelte-core-cleaning-r-d-and-todos-in-progress-add-locales-to-configs;9e45351
2023-02-13 03:44:03 +0100;Svelte-core-cleaning-r-d-and-todos-in-progress;8c16c98
2023-02-13 03:28:12 +0100;Svelte-core-cleaning-r-d-and-todos-in-progress-normalize-translation-function-name-to-t-since-_-taken-by-lodash;e729a6c
2023-02-13 03:20:44 +0100;Svelte-core-cleaning-r-d-and-todos-in-progress;4e92355
2023-02-13 02:48:56 +0100;Svelte-core-fixing-Readme-MiguelDevs;34260b9
2023-02-13 02:19:51 +0100;Svelte-core-fixing-Readme;ea8ae0e
2023-02-13 01:59:39 +0100;Svelte-core-fixing-e2e-tests-translations;1981513
2023-02-12 23:42:46 +0100;Svelte-core-bumping-version-since-all-tests-going-OK-still-need-to-clean-some-r-d-comments-and-check-TODOs;ae34073
2023-02-12 23:31:37 +0100;Svelte-core-fixing-functional-and-e2e-tests.-All-Running-OK-next-will-be-some-cleaning-steps;ee6933f
2023-02-12 22:06:31 +0100;Svelte-core-fixing-dist-build-server-SSR-need-to-have-i18n-init-too;beab610
2023-02-12 20:42:57 +0100;Svelte-core-100-code-coverage-OK-will-be-able-to-start-cleaning-session;57d6086
2023-02-12 20:04:38 +0100;Svelte-core-improving-unit-tests;9b0e57d
2023-02-12 17:08:39 +0100;Svelte-core-fixing-unit-tests-improving-coverage-for-LangSwitch.svelte;e1f8ee9
2023-02-12 16:34:36 +0100;Svelte-core-adding-license-fix-for-Miguel-Monwoo-https-miguel.monwoo.com-inalienable-moral-rights-about-MWS-starters-usage;967a87a
2023-02-12 15:45:23 +0100;Svelte-core-fixing-unit-tests-100-coverage-for-logger.ts-OK;10488dc
2023-02-12 13:18:02 +0100;Svelte-core-fixing-unit-tests-succed-to-twerk-stack-for-coverage-about-stack-wthout-at-links;e1a4b6c
2023-02-12 12:15:54 +0100;Svelte-core-fixing-unit-tests-succed-to-mock-Error-constructor-will-need-to-twerk-stack-for-coverage-about-stack-wthout-at-links;35ff72a
2023-02-11 23:17:28 +0100;Svelte-core-fixing-unit-tests-after-our-last-r-d-sessions;b39a77a
2023-02-11 22:23:24 +0100;Svelte-core-adding-r-d-drafting-for-custom-DDD-logging-by-adding-custom-domains-to-logger-did-fix-WRONG-theme-storage-update-TODO-update-tests;c3bfb65
2023-02-11 19:11:32 +0100;Svelte-core-adding-r-d-drafting-for-custom-logger-and-i18n;abee110
2023-02-11 17:03:53 +0100;Svelte-core-drafting-a-custom-logger-having-same-kind-of-init-issue-as-i18n-for-async-calls;035a67c
2023-02-11 11:45:26 +0100;Svelte-core-improving-i18n-for-our-usages;94e66f3
2023-02-11 00:54:18 +0100;Svelte-core-adding-i18n-improving-test-coverage;41bcfda
2023-02-10 22:44:51 +0100;Svelte-core-adding-i18n-testing-it-all-going-OK-if-knowing-svelte-reactivity;fc621e0
2023-02-10 22:15:51 +0100;Svelte-core-adding-i18n-really-easy;ca3734d
2023-02-10 20:20:34 +0100;Svelte-core-cleaning-Review-in-progress;5ab0a80
2023-02-10 19:45:52 +0100;Svelte-core-cleaning-Review-in-progress;9ad9639
2023-02-10 19:40:29 +0100;Svelte-core-cleaning-Review-in-progress;0e33d76
2023-02-10 19:21:41 +0100;Svelte-core-in-progress-bumping-version-production-archive-is-now-OK-from-git-src;cac7566
2023-02-10 19:16:13 +0100;Svelte-core-in-progress-fixing-version-since-issue-with-last-versions-auto-fetch;11ac3b7
2023-02-10 18:19:48 +0100;Svelte-core-in-progress-cleaning-stuffs;5deae7c
2023-02-10 17:57:59 +0100;Svelte-core-in-progress-bumping-version-importing-r-d-from-WA-wp-plugins-wa-moon-scrap-as-comments-next-step-will-be-r-d-clean-up;4479375
2023-02-10 17:17:58 +0100;Svelte-core-in-progress-bumping-version-all-is-working-with-some-r-d-comments-to-clean;0aaa5e5
2023-02-10 17:12:17 +0100;Svelte-core-in-progress-functionnal-test-ok;9935d0e
2023-02-10 15:57:18 +0100;Svelte-core-in-progress-codeception-e2e-fully-ok;1ea6042
2023-02-10 15:17:19 +0100;Svelte-core-in-progress-improving-coverage-up-to-100-OK;129ffb0
2023-02-10 15:05:44 +0100;Svelte-core-in-progress-improving-coverage;c4bc6c3
2023-02-10 14:08:03 +0100;Svelte-core-in-progress-succed-to-cover-some-test-where-storage-hold-values-but-get-other-parts-not-tested;ce4573e
2023-02-10 13:43:21 +0100;Svelte-core-in-progress-no-more-red-coverage-grades.-Still-fail-to-cover-some-test-where-storage-hold-values;c1a9a2f
2023-02-10 02:01:05 +0100;Svelte-core-in-progress-try-to-test-failing-case;deb15fc
2023-02-09 23:49:40 +0100;Svelte-core-in-progress-adding-vitest-ui;85c2e74
2023-02-09 23:05:33 +0100;Svelte-core-in-progress-improving-mockup.-TODO-browser-is-false-in-unit-test-mock-it-true-for-client-side-tests-coverages;b1ed72c
2023-02-09 22:48:57 +0100;Svelte-core-in-progress-adding-unit-test-to-fulfil-the-coverage-tests;db21e9b
2023-02-09 10:55:47 +0100;Svelte-core-in-progress-adding-coverage-tests;84a5c81
2023-02-09 09:58:46 +0100;Svelte-core-in-progress-improving-tests-launch;83bae11
2023-02-09 09:56:41 +0100;Svelte-core-in-progress-improving-tests-launch;633e87f
2023-02-09 09:17:20 +0100;Svelte-core-in-progress-using-typescript-with-codeceptionJS;0317c00
2023-02-09 07:46:48 +0100;Svelte-core-in-progress;e240065
2023-02-08 22:16:10 +0100;Svelte-core-in-progress-fixing-js-module-file-to-be-module-by-using-.mjs-extension-since-.js-are-commonjs-now;ce49281
2023-02-08 22:04:27 +0100;Svelte-core-in-progress-succed-to-integrate-codeception-js-build.-TS-build-failling-but-ok-with-JS-for-now;28d3ff3
2023-02-08 22:02:45 +0100;Svelte-core-in-progress-succed-to-integrate-codeception-js-build.-TS-build-failling-but-ok-with-JS-for-now;05941db
2023-02-08 21:26:55 +0100;Svelte-core-in-progress-trying-to-integrate-codeception-as-TS-build-failing-on-mixing-ts-modules-and-commonjs;46dacc5
2023-02-08 17:03:46 +0100;Svelte-core-in-progress;3ad5596
2023-02-08 17:00:36 +0100;Svelte-core-in-progress-dumping-version-we-now-have-Unit-tests-please-let-thoses-always-pass-before-commit-or-WARN-in-all-failling-commits;ac5d3f7
2023-02-08 16:58:50 +0100;Svelte-core-in-progress-unit-tests-integration-OK-all-passing-still-working-on-e2e-tests;9042511
2023-02-08 16:41:27 +0100;Svelte-core-in-progress-adding-unit-tests-integration-from-vitest-with-https-github.com-davipon-svelte-add-vitest;d80ecee
2023-02-08 15:52:15 +0100;Svelte-core-in-progress-starting-integration-of-e2e-tests-system;f939774
2023-02-08 15:25:36 +0100;Svelte-core-in-progress;8b765cd
2023-02-08 15:20:43 +0100;Svelte-core-improving-source-packagings;faa95b4
2023-02-08 15:15:49 +0100;Svelte-core-improving-source-packagings;b840eb9
2023-02-08 15:09:30 +0100;Svelte-core-improving-source-packagings;671053a
2023-02-08 14:34:44 +0100;Svelte-core-adding-license-and-improving-source-packagings;0a472c5
2023-02-08 12:48:06 +0100;Svelte-core-adding-dist-source-package-for-source-release;c5760d2
2023-02-08 12:46:21 +0100;Svelte-core-adding-dist-source-package-for-source-release;eaf9de2
2023-02-08 07:03:22 +0100;Svelte-core-finding-ways-to-inject-splited-configs-in-root-configs;0fbf39f
2023-02-08 06:58:16 +0100;Svelte-core-cleaning-code-after-r-d-injection-from-REtD-20230130-SvelteWithWpApiStudyWithUILibs-finding-ways-to-inject-splited-configs-in-root-configs;fad6c9a
2023-02-08 01:47:55 +0100;Svelte-core-cleaning-codes-removing-r-d-stuf-next-step-is-to-get-files-from-last-R-D-sprint-then-clean-again-and-then-add-some-tests-like-Dark-mode-saved-on-reload-etc;8d86376
2023-02-07 03:37:54 +0100;SvelteWithWpApiStudyWithUILibs-in-progress-optimising-prerendered-file-size-and-API-pictures-links;aaf57ce
2023-02-06 19:00:06 +0100;SvelteWithWpApiStudyWithUILibs-in-progress-improving-meanings-and-designs;d6d3d39
2023-02-06 18:42:25 +0100;SvelteWithWpApiStudyWithUILibs-in-progress-improving-loader-and-config-for-load-features;268e946
2023-02-06 16:44:45 +0100;SvelteWithWpApiStudyWithUILibs-in-progress-improving-loader-and-config-for-load-features;aa1085a
2023-02-06 16:40:13 +0100;SvelteWithWpApiStudyWithUILibs-in-progress-improving-loader-and-config-for-load-features;10d501c
2023-02-06 16:08:30 +0100;SvelteWithWpApiStudyWithUILibs-in-progress-improving-meanings-and-designs;66533ed
2023-02-04 23:12:37 +0100;moon-kiosk-improving-desgin;e256ef0
2023-02-04 22:07:26 +0100;SvelteWithWpApiStudyWithUILibs-in-progress-improving-meanings-and-designs;91f6784
2023-02-04 06:35:28 +0100;SvelteWithWpApiStudyWithUILibs-in-progress-mixing-buy-and-display-links;876c22f
2023-02-04 06:22:46 +0100;web-wp-plugin-TODO-config-LWS-cache-or-use-wp-rocket-to-keep-wooCommerce-dynamic-endpoint-safe-from-cache;d51863c
2023-02-03 22:06:25 +0100;SvelteWithWpApiStudyWithUILibs-in-progress-try-to-fix-goTop-touch-event-selecting-pictures-below-if-some-transform-products-display-link-by-direct-cart-products-add-to-checkout-page;d44a760
2023-02-03 20:54:26 +0100;web-wp-plugin-add-product_variation-to-rest-api-fields;1a15149
2023-02-03 03:05:08 +0100;SvelteWithWpApiStudyWithUILibs-in-progress-improving-responsive;766a2bd
2023-02-03 02:36:33 +0100;SvelteWithWpApiStudyWithUILibs-in-progress-fixing-responsive;b5cd9ae
2023-02-03 01:49:39 +0100;SvelteWithWpApiStudyWithUILibs-in-progress-adding-theme-colors-and-light-blog-list-theme;af6f833
2023-02-03 01:26:28 +0100;SvelteWithWpApiStudyWithUILibs-in-progress-adding-createjs-RAW-JS-sample-integration;0ddde90
2023-02-02 22:54:35 +0100;SvelteWithWpApiStudyWithUILibs-in-progress-sync-chart.js-radar-chart-with-theme-switch;51e3c8a
2023-02-02 22:24:27 +0100;SvelteWithWpApiStudyWithUILibs-in-progress-full-customisation-of-chart.js-radar-chart-removing-tweenjs-raw-lib-will-look-for-npm-package-of-it-instead;74f4989
2023-02-02 17:27:49 +0100;SvelteWithWpApiStudyWithUILibs-in-progress-plugin-product-s-categories-counts-as-radar-chart-data;bc86dcb
2023-02-02 17:15:20 +0100;SvelteWithWpApiStudyWithUILibs-in-progress-integration-of-theme-colors-for-Chart.js;16ecc12
2023-02-02 16:49:51 +0100;SvelteWithWpApiStudyWithUILibs-in-progress-integration-of-Chart.js-as-module-and-customizing-colors;f755e09
2023-02-02 15:29:48 +0100;SvelteWithWpApiStudyWithUILibs-in-progress-integration-of-Chart.js-as-EXTERNAL-lib-OK;6ee51bf
2023-02-02 12:22:32 +0100;SvelteWithWpApiStudyWithUILibs-in-progress;0f06218
2023-02-02 12:12:52 +0100;SvelteWithWpApiStudyWithUILibs-in-progress;f9e2f81
2023-02-02 10:53:37 +0100;SvelteWithWpApiStudyWithUILibs-in-progress-responsive-and-mobile-events;e36b811
2023-02-02 02:13:26 +0100;SvelteWithWpApiStudyWithUILibs-in-progress-responsive-and-mobile-events;23cf031
2023-02-01 23:52:28 +0100;SvelteWithWpApiStudyWithUILibs-in-progress;ce4c0da
2023-02-01 12:22:18 +0100;SvelteWithWpApiStudyWithUILibs-in-progress-improving-responsive;724b231
2023-01-31 16:58:18 +0100;SvelteWithWpApiStudyWithUILibs-in-progress;bb2afc8
2023-01-30 18:27:49 +0100;SvelteWithWpApiStudyWithUILibs-in-progress;5c1bd02
2023-01-30 18:13:00 +0100;SvelteWithWpApiStudyWithUILibs-splide-integration-ok;7fc189f
2023-01-30 07:02:44 +0100;SvelteWithWpApiStudyWithUILibs-starting-splide-integration;581970f
2023-01-30 06:28:27 +0100;SvelteWithWpApiStudyWithUILibs-Will-add-Splide-and-TweenJS;ae01387
2023-01-29 05:38:30 +0100;REtD-20230129-SvelteWithWpApiStudy-Saving-r-d-for-google-site-embed-iframe-without-failling-stuff-due-to-google-iframe-security-embeddings;3e01c90
2023-01-28 21:19:18 +0100;Merge-branch-Svelte-WP-display-of-github.com-mickael-moreau-monwoo-web-starters-into-Svelte-embeddable-iframe;a3830d1
2023-01-28 21:19:10 +0100;Svelte-embeddable-iframe-improving-pre-renderings;59c57c3
2023-01-28 21:17:21 +0100;Merge-branch-Svelte-core-of-github.com-mickael-moreau-monwoo-web-starters-into-Svelte-WP-display;6556094
2023-01-28 21:17:04 +0100;Svelte-core-improving-SSR-rendering-and-fixing-some-attributes-orderings;fa7410f
2023-01-28 16:41:05 +0100;Svelte-embeddable-iframe-improving-responsive-error-checkings-and-preload-API-data-for-pre-rendering;5e2c876
2023-01-28 16:40:07 +0100;Merge-branch-Svelte-WP-display-of-github.com-mickael-moreau-monwoo-web-starters-into-Svelte-embeddable-iframe;1e4ddfe
2023-01-28 16:39:52 +0100;Merge-branch-Svelte-core-of-github.com-mickael-moreau-monwoo-web-starters-into-Svelte-WP-display;b746e10
2023-01-28 16:39:21 +0100;Svelte-core-improving-responsive-error-checkings-and-preload-API-data-for-pre-rendering;dcc4199
2023-01-28 15:16:31 +0100;Svelte-embeddable-iframe-cleaning-code-add-parallax-effect;e1eec6b
2023-01-28 15:15:45 +0100;Merge-branch-Svelte-WP-display-of-github.com-mickael-moreau-monwoo-web-starters-into-Svelte-embeddable-iframe;a04bf23
2023-01-28 15:15:23 +0100;Merge-branch-Svelte-core-of-github.com-mickael-moreau-monwoo-web-starters-into-Svelte-WP-display;15ff7d0
2023-01-28 15:15:11 +0100;Svelte-core-cleaning-code-add-parallax-effect-and-some-loader-indicator;30ee456
2023-01-28 12:14:50 +0100;Svelte-core-cleaning-code-and-code-review-in-progress;d6593d9
2023-01-28 11:56:17 +0100;Merge-branch-Svelte-WP-display-of-github.com-mickael-moreau-monwoo-web-starters-into-Svelte-embeddable-iframe;d68ddd6
2023-01-28 11:54:02 +0100;Merge-branch-Svelte-core-of-github.com-mickael-moreau-monwoo-web-starters-into-Svelte-WP-display;b22d067
2023-01-28 11:52:15 +0100;Svelte-core-cleaning-code-in-progress;4301348
2023-01-27 15:57:42 +0100;Merge-branch-Svelte-embeddable-iframe-of-github.com-mickael-moreau-monwoo-web-starters-into-Svelte-JWT-auth-embeddable-iframe;e321526
2023-01-27 14:01:35 +0100;Merge-branch-Svelte-embeddable-iframe-of-github.com-mickael-moreau-monwoo-web-starters-into-y-vincentsecher;4efdde7
2023-01-27 14:01:02 +0100;y-vincentsecher-merging-Svelte-JWT-auth;d86f20f
2023-01-27 13:52:54 +0100;Merge-branch-Svelte-WP-display-of-github.com-mickael-moreau-monwoo-web-starters-into-Svelte-embeddable-iframe;af6095c
2023-01-27 13:52:26 +0100;Svelte-embedable-iframe-in-progress-ready-for-miguel.monwoo.com-content-still-have-some-optims-to-do;a0ee892
2023-01-27 13:51:10 +0100;Svelte-WP-display-improvements-to-be-able-to-build-miguel.monwoo.com;fa0370d
2023-01-27 13:48:04 +0100;Merge-branch-Svelte-core-of-github.com-mickael-moreau-monwoo-web-starters-into-Svelte-WP-display;0f3ef57
2023-01-27 13:47:51 +0100;Svelte-core-improvements-to-be-able-to-build-miguel.monwoo.com;b41612e
2023-01-27 13:46:52 +0100;Svelte-WP-display-improvements-to-be-able-to-build-miguel.monwoo.com;31bce7b
2023-01-27 13:34:44 +0100;Merge-branch-Svelte-core-of-github.com-mickael-moreau-monwoo-web-starters-into-Svelte-WP-display;4d034b1
2023-01-27 13:31:25 +0100;Svelte-core-improvements-to-be-able-to-build-miguel.monwoo.com;482855b
2023-01-27 12:51:23 +0100;web-wp-plugin-trying-to-add-menu_order-filter-fail-using-slug-lexical-comp-for-now-sorter-over-slug-01-02-etc;52fd923
2023-01-24 09:31:26 +0100;Svelte-embedable-iframe-in-progress-improve-style-and-contents;c7ed2ee
2023-01-24 09:28:16 +0100;Merge-branch-Svelte-WP-display-of-github.com-mickael-moreau-monwoo-web-starters-into-Svelte-embeddable-iframe;623bd86
2023-01-24 09:27:54 +0100;Merge-branch-Svelte-core-of-github.com-mickael-moreau-monwoo-web-starters-into-Svelte-WP-display;07bfe75
2023-01-24 09:27:28 +0100;Svelte-core-in-progress-improve-ProductsComparator-styles;d9d4cf3
2023-01-24 09:25:50 +0100;Merge-branch-Svelte-WP-display-of-github.com-mickael-moreau-monwoo-web-starters-into-Svelte-embeddable-iframe;e37adf0
2023-01-24 09:25:02 +0100;Merge-branch-Svelte-core-of-github.com-mickael-moreau-monwoo-web-starters-into-Svelte-WP-display;4f71f65
2023-01-24 09:18:55 +0100;Svelte-core-in-progress-improve-ProductsComparator-styles;c09d645
2023-01-24 04:19:30 +0100;Merge-branch-Svelte-WP-display-of-github.com-mickael-moreau-monwoo-web-starters-into-Svelte-embeddable-iframe;8b1756b
2023-01-24 04:18:55 +0100;Merge-branch-Svelte-core-of-github.com-mickael-moreau-monwoo-web-starters-into-Svelte-WP-display;bd8ba7f
2023-01-24 04:18:22 +0100;Svelte-core-in-progress-improve-WordPress-.htaccess-to-rollback-static-Svelte-.htaccess-allowing-back-directory-redirect;3c7c562
2023-01-24 03:33:56 +0100;Svelte-embeddable-iframe-in-progress-adding-base-starter-files-and-main-page;79ac550
2023-01-24 03:31:29 +0100;Merge-branch-Svelte-WP-display-of-github.com-mickael-moreau-monwoo-web-starters-into-Svelte-embeddable-iframe;81598a0
2023-01-24 03:30:46 +0100;Merge-branch-Svelte-core-of-github.com-mickael-moreau-monwoo-web-starters-into-Svelte-WP-display;9a8c149
2023-01-24 03:30:13 +0100;Svelte-core-in-progress-improve-htaccess-to-allow-wordpress-subfolder-to-work-nicely-with-starter-root-.htaccess-rules;7406fb8
2023-01-24 02:36:54 +0100;Merge-branch-Svelte-WP-display-of-github.com-mickael-moreau-monwoo-web-starters-into-Svelte-embeddable-iframe;b10f258
2023-01-24 02:35:47 +0100;Merge-branch-Svelte-core-of-github.com-mickael-moreau-monwoo-web-starters-into-Svelte-WP-display;5838c06
2023-01-24 02:35:29 +0100;Svelte-core-in-progress-improve-ProductsComarator-UI;47a08df
2023-01-24 02:07:55 +0100;Merge-branch-Svelte-WP-display-of-github.com-mickael-moreau-monwoo-web-starters-into-Svelte-embeddable-iframe;7694e86
2023-01-24 02:07:00 +0100;Svelte-WP-display-merging-old-revisions;9b00fd1
2023-01-24 02:05:39 +0100;Svelte-WP-display-merging-Svelte-core;1edb996
2023-01-24 02:03:18 +0100;Svelte-core-in-progress-fixing-static-HTML-server-.htaccess-to-render-.html-without-.html-extension-improve-ProductsComarator-UI;d8822e9
2023-01-23 08:15:40 +0100;Merge-branch-Svelte-WP-display-of-github.com-mickael-moreau-monwoo-web-starters-into-Svelte-embeddable-iframe;5a1e7de
2023-01-23 08:12:48 +0100;Svelte-WP-display-merging-Svelte-core;38cf98f
2023-01-23 08:10:31 +0100;Svelte-embeddable-iframe-in-progress;c7400d0
2023-01-23 08:09:46 +0100;Svelte-core-in-progress-allow-config-of-BASE_API_URI;707a153
2023-01-23 07:11:29 +0100;Bench-static-store-bench-for-static-store-have-SAME-load-speed-as-for-Svelte-Reactive-store;87f2904
2023-01-23 06:34:54 +0100;Bench-static-store-bench-for-native-reactive-Svelte-store-OK;332a305
2023-01-23 05:17:09 +0100;Svelte-JWT-auth-try-to-extend-or-default-to-Svelte-WP-display-assets-removing-needs-to-duplicat-assets-for-starter-depending-of-other-starters-with-assets;2485a89
2023-01-22 21:12:03 +0100;Merge-branch-Svelte-WP-display-of-github.com-mickael-moreau-monwoo-web-starters-into-Svelte-JWT-auth;3a6613f
2023-01-22 21:06:29 +0100;Svelte-WP-display-in-progress;2a18c90
2023-01-22 18:59:54 +0100;Merge-branch-Svelte-WP-display-of-github.com-mickael-moreau-monwoo-web-starters-into-Svelte-WP-display;b03ab7d
2023-01-22 18:59:35 +0100;Merge-branch-Svelte-core-of-github.com-mickael-moreau-monwoo-web-starters-into-Svelte-WP-display;77687be
2023-01-22 18:59:16 +0100;Svelte-core-in-progress-try-local-for-transition-to-speed-up-app-first-display-currently-slow-to-load-frontend-html;a6c0feb
2023-01-22 18:40:00 +0100;Svelte-JWT-auth-merging-Svelte-WP-display-and-giving-custom-Header-and-Footer-design-for-jwt-auth-routes;65b4821
2023-01-22 18:33:29 +0100;Svelte-WP-display-in-progress-ajusting-links-for-new-jwt-auth-urls;e7bc848
2023-01-22 18:29:43 +0100;Merge-branch-Svelte-WP-display-of-github.com-mickael-moreau-monwoo-web-starters-into-Svelte-JWT-auth;79fe023
2023-01-22 18:29:13 +0100;Svelte-WP-display-in-progress-ajusting-links-for-new-jwt-auth-urls;7eb2c1e
2023-01-22 18:28:23 +0100;Merge-branch-Svelte-core-into-Svelte-WP-display;d90763c
2023-01-22 18:27:18 +0100;Svelte-core-in-progress-ajusting-links-for-new-jwt-auth-urls;b972b20
2023-01-22 18:16:52 +0100;Svelte-JWT-auth-merging-Svelte-WP-display;38f6a20
2023-01-22 18:04:32 +0100;Merge-branch-Svelte-core-of-github.com-mickael-moreau-monwoo-web-starters-into-Svelte-WP-display;4b22ebe
2023-01-22 18:04:15 +0100;Svelte-core-in-progress-config-tailwind-to-access-SMUI-current-theme-color-palette-from-tailwind-classes;a0a1f3a
2023-01-22 18:02:34 +0100;Svelte-core-in-progress-config-tailwind-to-access-SMUI-current-theme-color-palette-from-tailwind-classes;a41fba0
2023-01-22 17:33:42 +0100;Svelte-WP-display-in-progress-use-tailwind-to-ensure-style-in-light-and-dark-mode-at-Svelte-level-after-SCSS-SMUI-themings;f7f4443
2023-01-22 17:29:52 +0100;Merge-branch-Svelte-core-of-github.com-mickael-moreau-monwoo-web-starters-into-Svelte-WP-display;2933f66
2023-01-22 17:29:39 +0100;Svelte-core-in-progress-config-tailwind-to-follow-our-custom-dark-mode-class-switch;7c9c7b9
2023-01-22 04:51:35 +0100;Svelte-WP-display-in-progress-cleaning-UI-incepting-product-s-links;89f55ee
2023-01-22 03:14:26 +0100;web-wp-plugion-in-progress-handling-category-display-etc;3a465f9
2023-01-22 03:02:45 +0100;Merge-branch-Svelte-core-of-github.com-mickael-moreau-monwoo-web-starters-into-Svelte-WP-display;d63a2b8
2023-01-22 03:02:29 +0100;Svelte-core-in-progress;3020d5e
2023-01-22 01:15:40 +0100;Merge-branch-Svelte-core-of-github.com-mickael-moreau-monwoo-web-starters-into-Svelte-WP-display;f36c02a
2023-01-22 01:14:53 +0100;Svelte-core-fixing-stuff-for-pre-rendering-build;6231ff9
2023-01-22 00:51:09 +0100;Merge-branch-Svelte-WP-display-of-github.com-mickael-moreau-monwoo-web-starters-into-Svelte-JWT-auth;e952091
2023-01-22 00:50:02 +0100;Svelte-WP-display-handeling-accueil-contact-missions-newsletter-and-produits-views;d21b791
2023-01-22 00:45:56 +0100;Merge-branch-Svelte-core-of-github.com-mickael-moreau-monwoo-web-starters-into-Svelte-WP-display;5451cc7
2023-01-22 00:37:46 +0100;Svelte-core-Adding-Blog-Items-and-List-components-some-code-cleanings;35df6fc
2023-01-21 01:57:59 +0100;Svelte-JWT-auth-bring-back-auth-file-remove-from-base-starter-not-having-to-keep-theme;57bc545
2023-01-21 01:56:56 +0100;Merge-branch-Svelte-WP-display-into-Svelte-JWT-auth;9c34b79
2023-01-21 01:56:34 +0100;Svelte-WP-display-cleaning-file-from-other-starters-only-keep-current-mandatory-file-for-current-branch-starter;06ea781
2023-01-21 01:55:39 +0100;Svelte-JWT-auth-Re-order-root-to-be-able-to-reset-layouts;32c4edf
2023-01-21 01:52:40 +0100;Svelte-JWT-auth-merging-from-Svelte-WP-display;a08cee3
2023-01-21 01:50:56 +0100;Svelte-WP-display-Re-order-root-to-be-able-to-reset-layouts;c842882
2023-01-21 01:45:33 +0100;Svelte-WP-display-merging-Svelte-JWT-auth;f317fdc
2023-01-21 01:43:42 +0100;Svelte-core-Re-order-root-to-be-able-to-reset-layouts;eacb962
2023-01-20 23:14:45 +0100;Svelte-JWT-auth-improving-for-production;977a16e
2023-01-20 17:15:29 +0100;Merge-branch-Svelte-WP-display-of-github.com-mickael-moreau-monwoo-web-starters-into-Svelte-JWT-auth;e18f528
2023-01-20 17:14:36 +0100;Merge-branch-Svelte-core-of-github.com-mickael-moreau-monwoo-web-starters-into-Svelte-WP-display;65589d0
2023-01-20 17:13:50 +0100;Svelte-core-ProductsComparator-select-box-solving-svelte-reactive-global-refresh-issue-with-intial-value-checks;8aee58b
2023-01-20 14:34:55 +0100;Svelte-core-ProductsComparator-select-boxes-in-progress-trying-to-listen-to-specific-variable-change-instead-of-whole-changes;5a1a874
2023-01-20 12:37:02 +0100;Merge-branch-Svelte-core-of-github.com-mickael-moreau-monwoo-web-starters-into-Svelte-WP-display;927cd2a
2023-01-20 12:36:39 +0100;Svelte-WP-display-ProductsComparator-for-product-page-displays-in-progress;8fba0b5
2023-01-20 12:35:49 +0100;Svelte-core-ProductsComparator-select-boxes-in-progress;1e62749
2023-01-20 09:09:04 +0100;Merge-branch-Svelte-core-of-github.com-mickael-moreau-monwoo-web-starters-into-Svelte-WP-display;d61fdde
2023-01-20 09:08:49 +0100;Svelte-core-in-progess-ProductsComparator-component;1ff6414
2023-01-20 08:00:57 +0100;web-wp-plugion-adding-meta-fields-to-public-products-display;281193e
2023-01-20 08:00:10 +0100;web-wp-plugion-adding-meta-fields-to-public-products-display;d5b2610
2023-01-20 07:54:18 +0100;Svelte-core-in-progess-ProductsComparator-component;5b010b5
2023-01-20 07:05:30 +0100;Merge-branch-Svelte-core-of-github.com-mickael-moreau-monwoo-web-starters-into-Svelte-WP-display;1bccd2e
2023-01-20 07:03:40 +0100;Svelte-core-in-progess-ProductsComparator-component;59ca826
2023-01-20 01:37:30 +0100;Merge-branch-Svelte-core-of-github.com-mickael-moreau-monwoo-web-starters-into-Svelte-WP-display;2abb597
2023-01-20 01:37:20 +0100;Svelte-core-in-progess-ProductsComparator-component;d94f97e
2023-01-20 01:31:11 +0100;Merge-branch-Svelte-core-of-github.com-mickael-moreau-monwoo-web-starters-into-Svelte-WP-display;7abd851
2023-01-20 01:30:43 +0100;Svelte-core-in-progess-ProductsComparator-component;f428387
2023-01-20 01:07:30 +0100;Svelte-WP-display-in-progess-adding-ProductsComparator-datasource-ok-from-wp-json-API;9d7da82
2023-01-20 00:52:54 +0100;Merge-branch-Svelte-core-of-github.com-mickael-moreau-monwoo-web-starters-into-Svelte-WP-display;b3f3714
2023-01-20 00:52:36 +0100;Svelte-core-in-progess-ProductsComparator-component;ab2190e
2023-01-20 00:46:43 +0100;web-wp-plugion-opening-json-api-for-public-displays;0913e13
2023-01-19 23:55:57 +0100;web-wp-plugion-opening-json-api-for-public-displays;9830168
2023-01-19 23:46:26 +0100;Merge-branch-Svelte-core-of-github.com-mickael-moreau-monwoo-web-starters-into-Svelte-WP-display;6568f2f
2023-01-19 23:46:14 +0100;Svelte-core-in-progess-ProductsComparator-component;8cac940
2023-01-19 23:44:44 +0100;Svelte-WP-display-in-progess-adding-ProductsComparator-datasource-draft-from-wp-json-API;91b9285
2023-01-19 23:07:11 +0100;Merge-branch-Svelte-core-of-github.com-mickael-moreau-monwoo-web-starters-into-Svelte-WP-display;6447fa7
2023-01-19 23:06:41 +0100;Svelte-core-in-progess-adding-ProductsComparator-component;2bae7dc
2023-01-19 21:45:39 +0100;Merge-branch-Svelte-core-into-Svelte-WP-display;0d08c5b
2023-01-19 21:25:53 +0100;Svelte-core-in-progess;3dcb0b4
2023-01-19 19:25:53 +0100;Merge-branch-Svelte-WP-display-into-Svelte-JWT-auth;0765d36
2023-01-19 19:25:20 +0100;Merge-branch-Svelte-core-of-github.com-mickael-moreau-monwoo-web-starters-into-Svelte-WP-display;48030cb
2023-01-19 19:25:10 +0100;Svelte-WP-display-improving-stuff;b442ea5
2023-01-19 19:24:48 +0100;Svelte-core-in-progess;ce990d1
2023-01-19 19:23:11 +0100;Svelte-JWT-auth-solving-pre-rendering-toucherterre-client-demo;bd2ea48
2023-01-19 19:19:01 +0100;Svelte-JWT-auth-solving-pre-rendering-toucherterre-client-demo;6bfe894
2023-01-19 19:17:44 +0100;Svelte-JWT-auth-solving-pre-rendering-errors;2fac362
2023-01-19 18:54:38 +0100;Merge-branch-Svelte-core-of-github.com-mickael-moreau-monwoo-web-starters-into-Svelte-JWT-auth;70f22b3
2023-01-19 18:54:28 +0100;Svelte-JWT-auth-merging-Svelte-WP-display;f08d837
2023-01-19 18:53:40 +0100;Svelte-core-in-progess;965c9a7
2023-01-19 18:51:50 +0100;Svelte-WP-display-improving-stuff;7ecb77c
2023-01-19 18:45:43 +0100;Merge-branch-Svelte-core-of-github.com-mickael-moreau-monwoo-web-starters-into-Svelte-WP-display;43ba70f
2023-01-19 18:45:31 +0100;Svelte-core-in-progess;efa7222
2023-01-19 18:34:05 +0100;Merge-branch-Svelte-core-of-github.com-mickael-moreau-monwoo-web-starters-into-Svelte-WP-display;0218fd3
2023-01-19 18:33:50 +0100;Svelte-core-in-progess;c06b4bb
2023-01-19 18:23:29 +0100;Svelte-JWT-auth-refactoring-for-better-multi-starter-integrations;2ec95a3
2023-01-19 18:13:14 +0100;Merge-branch-Svelte-core-of-github.com-mickael-moreau-monwoo-web-starters-into-Svelte-JWT-auth;b50f36b
2023-01-19 18:12:59 +0100;Svelte-core-in-progess;fa73973
2023-01-19 18:10:30 +0100;Svelte-JWT-auth-merging-Svelte-WP-display;4c3ffe2
2023-01-19 18:03:42 +0100;Svelte-WP-display-improving-stuff;6429bba
2023-01-19 17:19:50 +0100;Merge-branch-Svelte-core-of-github.com-mickael-moreau-monwoo-web-starters-into-Svelte-WP-display;b1cf5e3
2023-01-19 17:18:54 +0100;Svelte-core-in-progess;2aa4ad6
2023-01-19 17:15:59 +0100;Merge-branch-Svelte-core-of-github.com-mickael-moreau-monwoo-web-starters-into-Svelte-WP-display;eabd6ee
2023-01-19 17:15:43 +0100;Svelte-core-adding-entrypoint-for-Svelte-WP-display;4d59031
2023-01-19 17:12:34 +0100;Svelte-WP-display-improving-links-and-home-redirects;f7f37d8
2023-01-19 16:48:53 +0100;Merge-branch-Svelte-core-of-github.com-mickael-moreau-monwoo-web-starters-into-Svelte-WP-display;1dabfc0
2023-01-19 16:48:38 +0100;Svelte-core-doc;45f4ed9
2023-01-19 16:46:43 +0100;Merge-branch-Svelte-core-of-github.com-mickael-moreau-monwoo-web-starters-into-Svelte-WP-display;dcb361f
2023-01-19 16:46:28 +0100;Svelte-core-doc;3a001c3
2023-01-19 16:44:37 +0100;Svelte-WP-display-improving-produits-page-view;d47eb70
2023-01-19 16:41:26 +0100;Merge-branch-Svelte-core-into-Svelte-WP-display;51790b6
2023-01-19 16:40:47 +0100;Svelte-core-improving-starter-routings-backup;dbedf82
2023-01-19 16:23:57 +0100;11-rgb-1e1e-1e1e-1e1eMerge-branch-Svelte-core-into-Svelte-WP-display;070e524
2023-01-19 16:22:27 +0100;Svelte-core-improving-LWSResseller-affiliations-component;62b6fdb
2023-01-19 16:03:55 +0100;Svelte-WP-display-merging-Svelte-core;cff8d85
2023-01-19 16:01:35 +0100;Svelte-core-doc;df3b4eb
2023-01-19 15:58:34 +0100;Svelte-core-gitignore-stuff;00c2481
2023-01-19 15:52:44 +0100;Svelte-WP-display-merging-Svelte-core;b808ef3
2023-01-19 15:41:27 +0100;Svelte-WP-display-merging-Svelte-core;88aa4ac
2023-01-19 15:22:01 +0100;Svelte-core-starter-file-sound-ok;f64b61b
2023-01-19 14:33:58 +0100;Svelte-core-improving-doc-Svelte-core-is-our-generic-starter-shared-with-all-of-our-web-starters;a409be5
2023-01-19 14:27:08 +0100;Svelte-WP-display-improving-Caroussel-Adding-LWSResseller-affiliation-base-draft;c9a273e
2023-01-19 12:27:03 +0100;Svelte-WP-display-improving-logo-component;e0a5492
2023-01-19 12:16:29 +0100;Svelte-WP-display-code-refactoring-for-better-multi-theme-code-merge-and-final-build-integration-use-dedicated-folders-for-starters-assets-and-specific-features;e5fe8f3
2023-01-18 23:05:15 +0100;Svelte-WP-display-improving-project-view.-Adding-caroussel-in-progress-still-missing-picture-rendering;9f9b0cc
2023-01-18 21:48:08 +0100;monwoo-web-starters-improving-doc;b097051
2023-01-18 21:46:44 +0100;web-wp-plugion-improving-doc;92da04a
2023-01-16 19:35:37 +0100;web-wp-plugion-improving-doc;de8b94b
2023-01-15 14:07:21 +0100;web-wp-plugion-improving-doc;5531b66
2023-01-15 12:45:03 +0100;web-wp-plugion-improving-doc;a06bdc0
2023-01-15 01:20:48 +0100;Svelte-JWT-auth-building-for-production-test-with-base-href;f3f9683
2023-01-15 01:06:29 +0100;Svelte-JWT-auth-building-for-production-test-with-base-href;198399e
2023-01-15 00:38:31 +0100;Svelte-JWT-auth-building-for-production-test;acd485f
2023-01-14 23:51:08 +0100;Svelte-JWT-auth-testing-with-some-production-server-all-sound-OK;e84f6e6
2023-01-14 23:45:52 +0100;Svelte-JWT-auth-succed-to-JWT-auth-to-WP-plugin-api-bearer-auth-and-add-a-post-to-wordpres-localdev-backend;1de8385
2023-01-14 22:51:39 +0100;Merge-branch-web-wp-plugin-into-Svelte-JWT-auth;e000704
2023-01-14 22:51:19 +0100;web-wp-plugion-documentation-for-PHP-WordPress-quick-debug-tips;2df4c55
2023-01-14 22:48:04 +0100;Svelte-JWT-auth-setup-API-in-localdev-to-debug-Server-Calls;6f99f7d
2023-01-14 15:23:38 +0100;Merge-branch-web-wp-plugin-into-Svelte-JWT-auth;4f7965b
2023-01-14 15:22:09 +0100;web-wp-plugion-fixing-api-calls;56dca0b
2023-01-14 15:15:39 +0100;Svelte-JWT-auth-fixing-login-api-call;5d9f025
2023-01-14 13:26:03 +0100;Svelte-JWT-auth-merging-web-wp-plugin-dependency;eeb9f97
2023-01-14 13:24:04 +0100;web-wp-plugin-configuring-CORS-plugin-for-dev;fc120e1
2023-01-14 13:16:21 +0100;Svelte-JWT-auth-improving-auth-routings-to-fit-wp-api-bearer-auth-plugin;452efc9
2023-01-14 12:57:37 +0100;Merge-branch-Svelte-WP-display-into-Svelte-JWT-auth;df5be40
2023-01-14 12:57:21 +0100;Svelte-WP-display-in-progress-improving-asset-logo-and-icons;1dcd707
2023-01-14 12:39:42 +0100;Svelte-JWT-auth-improving-readme;e405058
2023-01-14 12:38:56 +0100;Svelte-JWT-auth-merging-Svelte-WP-display-dependency;6d5a81f
2023-01-14 12:36:48 +0100;Svelte-JWT-auth-improving-readme;83aae68
2023-01-14 12:28:57 +0100;Svelte-JWT-auth-improving-readme;13de185
2023-01-14 12:27:23 +0100;web-wp-plugin-improving-readme;5019e13
2023-01-14 12:24:24 +0100;monwoo-web-starers-Improving-readme;028bedc
2023-01-14 12:23:10 +0100;monwoo-web-starers-Improving-readme;1398417
2023-01-14 12:22:18 +0100;monwoo-web-starers-Improving-readme;f608005
2023-01-14 12:22:18 +0100;monwoo-web-starer-Improving-readme;3d5e848
2023-01-14 12:18:39 +0100;Svelte-JWT-auth-improving-readme;cc7af04
2023-01-14 12:14:58 +0100;Svelte-JWT-auth-merge-upgrades-from-main-and-web-wp-plugin;2d2dac7
2023-01-14 12:08:43 +0100;Merge-branch-main-into-Svelte-JWT-auth;33abb3e
2023-01-14 12:07:07 +0100;monwoo-web-starer-Improving-readme;c18055e
2023-01-14 12:02:21 +0100;web-wp-plugin-starting-WordPress-custom-plugin-to-configure-the-JWT-plugin-used-server-side-from-Monwoo-wa-e-com-basic.php-plugin-adding-the-api_bearer_auth_unauthenticated_urls-filter;f16a30c
2023-01-14 11:34:53 +0100;Svelte-WP-display-in-progress-improving-production-key-file-to-stay-safe-out-of-repository;d06f1b0
2023-01-14 07:35:47 +0100;Svelte-WP-display-in-progress-improving-produits-and-newsletter-frontend-displays;6254c9e
2023-01-14 07:33:48 +0100;Svelte-WP-display-in-progress-improving-missions-frontend-displays;fdbca30
2023-01-14 07:17:43 +0100;Svelte-WP-display-in-progress-adding-asset-structure-for-multi-starer-resources;8dac028
2023-01-14 07:04:53 +0100;Svelte-JWT-auth-base-starter-from-Miguel-Monwoo-in-progress;58438e6
2023-01-12 10:46:55 +0100;Svelte-WP-display-base-starter-from-Miguel-Monwoo-OK;62246ae
2023-01-12 10:33:40 +0100;Update-README.md;ab30bb6
2023-01-12 10:32:54 +0100;Update-README.md;0c3e592
2023-01-12 09:48:32 +0100;Initial-commit;ff61cbd
